country,zone,vaccine,target_disease,year,coverage_pct
Benin,"West Africa",bcg,Tuberculosis,2015,96.00
Benin,"West Africa",bcg,Tuberculosis,2016,88.00
Benin,"West Africa",bcg,Tuberculosis,2017,88.00
Benin,"West Africa",bcg,Tuberculosis,2018,87.00
Benin,"West Africa",bcg,Tuberculosis,2019,87.00
Benin,"West Africa",bcg,Tuberculosis,2020,86.00
Benin,"West Africa",bcg,Tuberculosis,2021,93.00
Benin,"West Africa",bcg,Tuberculosis,2022,92.00
Benin,"West Africa",bcg,Tuberculosis,2023,99.00
Benin,"West Africa",bcg,Tuberculosis,2024,99.00
Benin,"West Africa",bcg,Tuberculosis,2025,99.00
Benin,"West Africa",dtp1,"Diphtheria, tetanus, pertussis",2015,82.00
Benin,"West Africa",dtp1,"Diphtheria, tetanus, pertussis",2016,84.00
Benin,"West Africa",dtp1,"Diphtheria, tetanus, pertussis",2017,83.00
Benin,"West Africa",dtp1,"Diphtheria, tetanus, pertussis",2018,82.00
Benin,"West Africa",dtp1,"Diphtheria, tetanus, pertussis",2019,81.00
Benin,"West Africa",dtp1,"Diphtheria, tetanus, pertussis",2020,80.00
Benin,"West Africa",dtp1,"Diphtheria, tetanus, pertussis",2021,80.00
Benin,"West Africa",dtp1,"Diphtheria, tetanus, pertussis",2022,79.00
Benin,"West Africa",dtp1,"Diphtheria, tetanus, pertussis",2023,79.00
Benin,"West Africa",dtp1,"Diphtheria, tetanus, pertussis",2024,81.00
Benin,"West Africa",dtp1,"Diphtheria, tetanus, pertussis",2025,82.00
Benin,"West Africa",dtp3,"Diphtheria, tetanus, pertussis",2015,74.00
Benin,"West Africa",dtp3,"Diphtheria, tetanus, pertussis",2016,78.00
Benin,"West Africa",dtp3,"Diphtheria, tetanus, pertussis",2017,76.00
Benin,"West Africa",dtp3,"Diphtheria, tetanus, pertussis",2018,74.00
Benin,"West Africa",dtp3,"Diphtheria, tetanus, pertussis",2019,72.00
Benin,"West Africa",dtp3,"Diphtheria, tetanus, pertussis",2020,70.00
Benin,"West Africa",dtp3,"Diphtheria, tetanus, pertussis",2021,70.00
Benin,"West Africa",dtp3,"Diphtheria, tetanus, pertussis",2022,69.00
Benin,"West Africa",dtp3,"Diphtheria, tetanus, pertussis",2023,69.00
Benin,"West Africa",dtp3,"Diphtheria, tetanus, pertussis",2024,69.00
Benin,"West Africa",dtp3,"Diphtheria, tetanus, pertussis",2025,69.00
Benin,"West Africa",hepb3,"Hepatitis B",2015,74.00
Benin,"West Africa",hepb3,"Hepatitis B",2016,78.00
Benin,"West Africa",hepb3,"Hepatitis B",2017,76.00
Benin,"West Africa",hepb3,"Hepatitis B",2018,74.00
Benin,"West Africa",hepb3,"Hepatitis B",2019,72.00
Benin,"West Africa",hepb3,"Hepatitis B",2020,70.00
Benin,"West Africa",hepb3,"Hepatitis B",2021,70.00
Benin,"West Africa",hepb3,"Hepatitis B",2022,69.00
Benin,"West Africa",hepb3,"Hepatitis B",2023,69.00
Benin,"West Africa",hepb3,"Hepatitis B",2024,69.00
Benin,"West Africa",hepb3,"Hepatitis B",2025,69.00
Benin,"West Africa",hepbb,"Hepatitis B (birth dose)",2020,17.00
Benin,"West Africa",hepbb,"Hepatitis B (birth dose)",2021,77.00
Benin,"West Africa",hepbb,"Hepatitis B (birth dose)",2022,81.00
Benin,"West Africa",hepbb,"Hepatitis B (birth dose)",2023,89.00
Benin,"West Africa",hepbb,"Hepatitis B (birth dose)",2024,89.00
Benin,"West Africa",hepbb,"Hepatitis B (birth dose)",2025,89.00
Benin,"West Africa",hib3,"Haemophilus influenzae type b",2015,74.00
Benin,"West Africa",hib3,"Haemophilus influenzae type b",2016,78.00
Benin,"West Africa",hib3,"Haemophilus influenzae type b",2017,76.00
Benin,"West Africa",hib3,"Haemophilus influenzae type b",2018,74.00
Benin,"West Africa",hib3,"Haemophilus influenzae type b",2019,72.00
Benin,"West Africa",hib3,"Haemophilus influenzae type b",2020,70.00
Benin,"West Africa",hib3,"Haemophilus influenzae type b",2021,70.00
Benin,"West Africa",hib3,"Haemophilus influenzae type b",2022,69.00
Benin,"West Africa",hib3,"Haemophilus influenzae type b",2023,69.00
Benin,"West Africa",hib3,"Haemophilus influenzae type b",2024,69.00
Benin,"West Africa",hib3,"Haemophilus influenzae type b",2025,69.00
Benin,"West Africa",ipv1,"Polio (inactivated)",2015,24.00
Benin,"West Africa",ipv1,"Polio (inactivated)",2016,57.00
Benin,"West Africa",ipv1,"Polio (inactivated)",2017,51.00
Benin,"West Africa",ipv1,"Polio (inactivated)",2018,62.00
Benin,"West Africa",ipv1,"Polio (inactivated)",2019,74.00
Benin,"West Africa",ipv1,"Polio (inactivated)",2020,70.00
Benin,"West Africa",ipv1,"Polio (inactivated)",2021,70.00
Benin,"West Africa",ipv1,"Polio (inactivated)",2022,69.00
Benin,"West Africa",ipv1,"Polio (inactivated)",2023,69.00
Benin,"West Africa",ipv1,"Polio (inactivated)",2024,69.00
Benin,"West Africa",ipv1,"Polio (inactivated)",2025,69.00
Benin,"West Africa",mcv1,Measles,2015,67.00
Benin,"West Africa",mcv1,Measles,2016,68.00
Benin,"West Africa",mcv1,Measles,2017,65.00
Benin,"West Africa",mcv1,Measles,2018,61.00
Benin,"West Africa",mcv1,Measles,2019,58.00
Benin,"West Africa",mcv1,Measles,2020,54.00
Benin,"West Africa",mcv1,Measles,2021,53.00
Benin,"West Africa",mcv1,Measles,2022,52.00
Benin,"West Africa",mcv1,Measles,2023,52.00
Benin,"West Africa",mcv1,Measles,2024,51.00
Benin,"West Africa",mcv1,Measles,2025,49.00
Benin,"West Africa",mcv2,Measles,2025,23.00
Benin,"West Africa",menga,"Meningitis A",2022,52.00
Benin,"West Africa",menga,"Meningitis A",2023,52.00
Benin,"West Africa",menga,"Meningitis A",2024,51.00
Benin,"West Africa",menga,"Meningitis A",2025,49.00
Benin,"West Africa",pcvc,"Pneumococcal disease",2015,72.00
Benin,"West Africa",pcvc,"Pneumococcal disease",2016,73.00
Benin,"West Africa",pcvc,"Pneumococcal disease",2017,72.00
Benin,"West Africa",pcvc,"Pneumococcal disease",2018,72.00
Benin,"West Africa",pcvc,"Pneumococcal disease",2019,71.00
Benin,"West Africa",pcvc,"Pneumococcal disease",2020,70.00
Benin,"West Africa",pcvc,"Pneumococcal disease",2021,70.00
Benin,"West Africa",pcvc,"Pneumococcal disease",2022,69.00
Benin,"West Africa",pcvc,"Pneumococcal disease",2023,70.00
Benin,"West Africa",pcvc,"Pneumococcal disease",2024,67.00
Benin,"West Africa",pcvc,"Pneumococcal disease",2025,64.00
Benin,"West Africa",rcv1,Rubella,2019,58.00
Benin,"West Africa",rcv1,Rubella,2020,54.00
Benin,"West Africa",rcv1,Rubella,2021,53.00
Benin,"West Africa",rcv1,Rubella,2022,52.00
Benin,"West Africa",rcv1,Rubella,2023,52.00
Benin,"West Africa",rcv1,Rubella,2024,51.00
Benin,"West Africa",rcv1,Rubella,2025,49.00
Benin,"West Africa",rotac,Rotavirus,2020,63.00
Benin,"West Africa",rotac,Rotavirus,2021,69.00
Benin,"West Africa",rotac,Rotavirus,2022,69.00
Benin,"West Africa",rotac,Rotavirus,2023,70.00
Benin,"West Africa",rotac,Rotavirus,2024,67.00
Benin,"West Africa",rotac,Rotavirus,2025,64.00
Benin,"West Africa",yfv,"Yellow fever",2015,63.00
Benin,"West Africa",yfv,"Yellow fever",2016,64.00
Benin,"West Africa",yfv,"Yellow fever",2017,61.00
Benin,"West Africa",yfv,"Yellow fever",2018,59.00
Benin,"West Africa",yfv,"Yellow fever",2019,56.00
Benin,"West Africa",yfv,"Yellow fever",2020,53.00
Benin,"West Africa",yfv,"Yellow fever",2021,53.00
Benin,"West Africa",yfv,"Yellow fever",2022,52.00
Benin,"West Africa",yfv,"Yellow fever",2023,52.00
Benin,"West Africa",yfv,"Yellow fever",2024,51.00
Benin,"West Africa",yfv,"Yellow fever",2025,49.00
Cameroon,"Central Africa",bcg,Tuberculosis,2015,81.00
Cameroon,"Central Africa",bcg,Tuberculosis,2016,80.00
Cameroon,"Central Africa",bcg,Tuberculosis,2017,85.00
Cameroon,"Central Africa",bcg,Tuberculosis,2018,82.00
Cameroon,"Central Africa",bcg,Tuberculosis,2019,78.00
Cameroon,"Central Africa",bcg,Tuberculosis,2020,79.00
Cameroon,"Central Africa",bcg,Tuberculosis,2021,80.00
Cameroon,"Central Africa",bcg,Tuberculosis,2022,69.00
Cameroon,"Central Africa",bcg,Tuberculosis,2023,93.00
Cameroon,"Central Africa",bcg,Tuberculosis,2024,93.00
Cameroon,"Central Africa",bcg,Tuberculosis,2025,93.00
Cameroon,"Central Africa",dtp1,"Diphtheria, tetanus, pertussis",2015,81.00
Cameroon,"Central Africa",dtp1,"Diphtheria, tetanus, pertussis",2016,84.00
Cameroon,"Central Africa",dtp1,"Diphtheria, tetanus, pertussis",2017,80.00
Cameroon,"Central Africa",dtp1,"Diphtheria, tetanus, pertussis",2018,74.00
Cameroon,"Central Africa",dtp1,"Diphtheria, tetanus, pertussis",2019,72.00
Cameroon,"Central Africa",dtp1,"Diphtheria, tetanus, pertussis",2020,74.00
Cameroon,"Central Africa",dtp1,"Diphtheria, tetanus, pertussis",2021,76.00
Cameroon,"Central Africa",dtp1,"Diphtheria, tetanus, pertussis",2022,76.00
Cameroon,"Central Africa",dtp1,"Diphtheria, tetanus, pertussis",2023,81.00
Cameroon,"Central Africa",dtp1,"Diphtheria, tetanus, pertussis",2024,82.00
Cameroon,"Central Africa",dtp1,"Diphtheria, tetanus, pertussis",2025,86.00
Cameroon,"Central Africa",dtp3,"Diphtheria, tetanus, pertussis",2015,76.00
Cameroon,"Central Africa",dtp3,"Diphtheria, tetanus, pertussis",2016,78.00
Cameroon,"Central Africa",dtp3,"Diphtheria, tetanus, pertussis",2017,74.00
Cameroon,"Central Africa",dtp3,"Diphtheria, tetanus, pertussis",2018,68.00
Cameroon,"Central Africa",dtp3,"Diphtheria, tetanus, pertussis",2019,67.00
Cameroon,"Central Africa",dtp3,"Diphtheria, tetanus, pertussis",2020,68.00
Cameroon,"Central Africa",dtp3,"Diphtheria, tetanus, pertussis",2021,71.00
Cameroon,"Central Africa",dtp3,"Diphtheria, tetanus, pertussis",2022,71.00
Cameroon,"Central Africa",dtp3,"Diphtheria, tetanus, pertussis",2023,75.00
Cameroon,"Central Africa",dtp3,"Diphtheria, tetanus, pertussis",2024,77.00
Cameroon,"Central Africa",dtp3,"Diphtheria, tetanus, pertussis",2025,83.00
Cameroon,"Central Africa",hepb3,"Hepatitis B",2015,76.00
Cameroon,"Central Africa",hepb3,"Hepatitis B",2016,78.00
Cameroon,"Central Africa",hepb3,"Hepatitis B",2017,74.00
Cameroon,"Central Africa",hepb3,"Hepatitis B",2018,68.00
Cameroon,"Central Africa",hepb3,"Hepatitis B",2019,67.00
Cameroon,"Central Africa",hepb3,"Hepatitis B",2020,68.00
Cameroon,"Central Africa",hepb3,"Hepatitis B",2021,71.00
Cameroon,"Central Africa",hepb3,"Hepatitis B",2022,71.00
Cameroon,"Central Africa",hepb3,"Hepatitis B",2023,75.00
Cameroon,"Central Africa",hepb3,"Hepatitis B",2024,77.00
Cameroon,"Central Africa",hepb3,"Hepatitis B",2025,83.00
Cameroon,"Central Africa",hib3,"Haemophilus influenzae type b",2015,76.00
Cameroon,"Central Africa",hib3,"Haemophilus influenzae type b",2016,78.00
Cameroon,"Central Africa",hib3,"Haemophilus influenzae type b",2017,74.00
Cameroon,"Central Africa",hib3,"Haemophilus influenzae type b",2018,68.00
Cameroon,"Central Africa",hib3,"Haemophilus influenzae type b",2019,67.00
Cameroon,"Central Africa",hib3,"Haemophilus influenzae type b",2020,68.00
Cameroon,"Central Africa",hib3,"Haemophilus influenzae type b",2021,71.00
Cameroon,"Central Africa",hib3,"Haemophilus influenzae type b",2022,71.00
Cameroon,"Central Africa",hib3,"Haemophilus influenzae type b",2023,75.00
Cameroon,"Central Africa",hib3,"Haemophilus influenzae type b",2024,77.00
Cameroon,"Central Africa",hib3,"Haemophilus influenzae type b",2025,83.00
Cameroon,"Central Africa",ipv1,"Polio (inactivated)",2015,26.00
Cameroon,"Central Africa",ipv1,"Polio (inactivated)",2016,70.00
Cameroon,"Central Africa",ipv1,"Polio (inactivated)",2017,67.00
Cameroon,"Central Africa",ipv1,"Polio (inactivated)",2018,67.00
Cameroon,"Central Africa",ipv1,"Polio (inactivated)",2019,66.00
Cameroon,"Central Africa",ipv1,"Polio (inactivated)",2020,69.00
Cameroon,"Central Africa",ipv1,"Polio (inactivated)",2021,70.00
Cameroon,"Central Africa",ipv1,"Polio (inactivated)",2022,70.00
Cameroon,"Central Africa",ipv1,"Polio (inactivated)",2023,71.00
Cameroon,"Central Africa",ipv1,"Polio (inactivated)",2024,75.00
Cameroon,"Central Africa",ipv1,"Polio (inactivated)",2025,81.00
Cameroon,"Central Africa",ipvc,"Polio (inactivated)",2023,55.00
Cameroon,"Central Africa",ipvc,"Polio (inactivated)",2024,65.00
Cameroon,"Central Africa",ipvc,"Polio (inactivated)",2025,71.00
Cameroon,"Central Africa",mcv1,Measles,2015,71.00
Cameroon,"Central Africa",mcv1,Measles,2016,72.00
Cameroon,"Central Africa",mcv1,Measles,2017,67.00
Cameroon,"Central Africa",mcv1,Measles,2018,61.00
Cameroon,"Central Africa",mcv1,Measles,2019,61.00
Cameroon,"Central Africa",mcv1,Measles,2020,63.00
Cameroon,"Central Africa",mcv1,Measles,2021,65.00
Cameroon,"Central Africa",mcv1,Measles,2022,68.00
Cameroon,"Central Africa",mcv1,Measles,2023,71.00
Cameroon,"Central Africa",mcv1,Measles,2024,71.00
Cameroon,"Central Africa",mcv1,Measles,2025,75.00
Cameroon,"Central Africa",mcv2,Measles,2020,22.00
Cameroon,"Central Africa",mcv2,Measles,2021,28.00
Cameroon,"Central Africa",mcv2,Measles,2022,36.00
Cameroon,"Central Africa",mcv2,Measles,2023,45.00
Cameroon,"Central Africa",mcv2,Measles,2024,49.00
Cameroon,"Central Africa",mcv2,Measles,2025,66.00
Cameroon,"Central Africa",pcvc,"Pneumococcal disease",2015,77.00
Cameroon,"Central Africa",pcvc,"Pneumococcal disease",2016,78.00
Cameroon,"Central Africa",pcvc,"Pneumococcal disease",2017,73.00
Cameroon,"Central Africa",pcvc,"Pneumococcal disease",2018,68.00
Cameroon,"Central Africa",pcvc,"Pneumococcal disease",2019,67.00
Cameroon,"Central Africa",pcvc,"Pneumococcal disease",2020,69.00
Cameroon,"Central Africa",pcvc,"Pneumococcal disease",2021,70.00
Cameroon,"Central Africa",pcvc,"Pneumococcal disease",2022,70.00
Cameroon,"Central Africa",pcvc,"Pneumococcal disease",2023,75.00
Cameroon,"Central Africa",pcvc,"Pneumococcal disease",2024,76.00
Cameroon,"Central Africa",pcvc,"Pneumococcal disease",2025,82.00
Cameroon,"Central Africa",rcv1,Rubella,2017,67.00
Cameroon,"Central Africa",rcv1,Rubella,2018,61.00
Cameroon,"Central Africa",rcv1,Rubella,2019,61.00
Cameroon,"Central Africa",rcv1,Rubella,2020,63.00
Cameroon,"Central Africa",rcv1,Rubella,2021,65.00
Cameroon,"Central Africa",rcv1,Rubella,2022,68.00
Cameroon,"Central Africa",rcv1,Rubella,2023,71.00
Cameroon,"Central Africa",rcv1,Rubella,2024,71.00
Cameroon,"Central Africa",rcv1,Rubella,2025,75.00
Cameroon,"Central Africa",rotac,Rotavirus,2015,67.00
Cameroon,"Central Africa",rotac,Rotavirus,2016,75.00
Cameroon,"Central Africa",rotac,Rotavirus,2017,72.00
Cameroon,"Central Africa",rotac,Rotavirus,2018,68.00
Cameroon,"Central Africa",rotac,Rotavirus,2019,67.00
Cameroon,"Central Africa",rotac,Rotavirus,2020,68.00
Cameroon,"Central Africa",rotac,Rotavirus,2021,69.00
Cameroon,"Central Africa",rotac,Rotavirus,2022,66.00
Cameroon,"Central Africa",rotac,Rotavirus,2023,72.00
Cameroon,"Central Africa",rotac,Rotavirus,2024,73.00
Cameroon,"Central Africa",rotac,Rotavirus,2025,80.00
Cameroon,"Central Africa",yfv,"Yellow fever",2015,69.00
Cameroon,"Central Africa",yfv,"Yellow fever",2016,72.00
Cameroon,"Central Africa",yfv,"Yellow fever",2017,68.00
Cameroon,"Central Africa",yfv,"Yellow fever",2018,64.00
Cameroon,"Central Africa",yfv,"Yellow fever",2019,62.00
Cameroon,"Central Africa",yfv,"Yellow fever",2020,62.00
Cameroon,"Central Africa",yfv,"Yellow fever",2021,61.00
Cameroon,"Central Africa",yfv,"Yellow fever",2022,64.00
Cameroon,"Central Africa",yfv,"Yellow fever",2023,67.00
Cameroon,"Central Africa",yfv,"Yellow fever",2024,71.00
Cameroon,"Central Africa",yfv,"Yellow fever",2025,75.00
Chad,"Central Africa",bcg,Tuberculosis,2015,70.00
Chad,"Central Africa",bcg,Tuberculosis,2016,59.00
Chad,"Central Africa",bcg,Tuberculosis,2017,59.00
Chad,"Central Africa",bcg,Tuberculosis,2018,51.00
Chad,"Central Africa",bcg,Tuberculosis,2019,75.00
Chad,"Central Africa",bcg,Tuberculosis,2020,85.00
Chad,"Central Africa",bcg,Tuberculosis,2021,92.00
Chad,"Central Africa",bcg,Tuberculosis,2022,92.00
Chad,"Central Africa",bcg,Tuberculosis,2023,92.00
Chad,"Central Africa",bcg,Tuberculosis,2024,88.00
Chad,"Central Africa",bcg,Tuberculosis,2025,90.00
Chad,"Central Africa",dtp1,"Diphtheria, tetanus, pertussis",2015,59.00
Chad,"Central Africa",dtp1,"Diphtheria, tetanus, pertussis",2016,55.00
Chad,"Central Africa",dtp1,"Diphtheria, tetanus, pertussis",2017,55.00
Chad,"Central Africa",dtp1,"Diphtheria, tetanus, pertussis",2018,63.00
Chad,"Central Africa",dtp1,"Diphtheria, tetanus, pertussis",2019,69.00
Chad,"Central Africa",dtp1,"Diphtheria, tetanus, pertussis",2020,74.00
Chad,"Central Africa",dtp1,"Diphtheria, tetanus, pertussis",2021,79.00
Chad,"Central Africa",dtp1,"Diphtheria, tetanus, pertussis",2022,82.00
Chad,"Central Africa",dtp1,"Diphtheria, tetanus, pertussis",2023,84.00
Chad,"Central Africa",dtp1,"Diphtheria, tetanus, pertussis",2024,83.00
Chad,"Central Africa",dtp1,"Diphtheria, tetanus, pertussis",2025,86.00
Chad,"Central Africa",dtp3,"Diphtheria, tetanus, pertussis",2015,42.00
Chad,"Central Africa",dtp3,"Diphtheria, tetanus, pertussis",2016,41.00
Chad,"Central Africa",dtp3,"Diphtheria, tetanus, pertussis",2017,41.00
Chad,"Central Africa",dtp3,"Diphtheria, tetanus, pertussis",2018,47.00
Chad,"Central Africa",dtp3,"Diphtheria, tetanus, pertussis",2019,53.00
Chad,"Central Africa",dtp3,"Diphtheria, tetanus, pertussis",2020,55.00
Chad,"Central Africa",dtp3,"Diphtheria, tetanus, pertussis",2021,62.00
Chad,"Central Africa",dtp3,"Diphtheria, tetanus, pertussis",2022,66.00
Chad,"Central Africa",dtp3,"Diphtheria, tetanus, pertussis",2023,67.00
Chad,"Central Africa",dtp3,"Diphtheria, tetanus, pertussis",2024,68.00
Chad,"Central Africa",dtp3,"Diphtheria, tetanus, pertussis",2025,71.00
Chad,"Central Africa",hepb3,"Hepatitis B",2015,42.00
Chad,"Central Africa",hepb3,"Hepatitis B",2016,41.00
Chad,"Central Africa",hepb3,"Hepatitis B",2017,41.00
Chad,"Central Africa",hepb3,"Hepatitis B",2018,47.00
Chad,"Central Africa",hepb3,"Hepatitis B",2019,53.00
Chad,"Central Africa",hepb3,"Hepatitis B",2020,55.00
Chad,"Central Africa",hepb3,"Hepatitis B",2021,62.00
Chad,"Central Africa",hepb3,"Hepatitis B",2022,66.00
Chad,"Central Africa",hepb3,"Hepatitis B",2023,67.00
Chad,"Central Africa",hepb3,"Hepatitis B",2024,68.00
Chad,"Central Africa",hepb3,"Hepatitis B",2025,71.00
Chad,"Central Africa",hib3,"Haemophilus influenzae type b",2015,42.00
Chad,"Central Africa",hib3,"Haemophilus influenzae type b",2016,41.00
Chad,"Central Africa",hib3,"Haemophilus influenzae type b",2017,41.00
Chad,"Central Africa",hib3,"Haemophilus influenzae type b",2018,47.00
Chad,"Central Africa",hib3,"Haemophilus influenzae type b",2019,53.00
Chad,"Central Africa",hib3,"Haemophilus influenzae type b",2020,55.00
Chad,"Central Africa",hib3,"Haemophilus influenzae type b",2021,62.00
Chad,"Central Africa",hib3,"Haemophilus influenzae type b",2022,66.00
Chad,"Central Africa",hib3,"Haemophilus influenzae type b",2023,67.00
Chad,"Central Africa",hib3,"Haemophilus influenzae type b",2024,68.00
Chad,"Central Africa",hib3,"Haemophilus influenzae type b",2025,71.00
Chad,"Central Africa",ipv1,"Polio (inactivated)",2015,28.00
Chad,"Central Africa",ipv1,"Polio (inactivated)",2016,41.00
Chad,"Central Africa",ipv1,"Polio (inactivated)",2017,41.00
Chad,"Central Africa",ipv1,"Polio (inactivated)",2018,49.00
Chad,"Central Africa",ipv1,"Polio (inactivated)",2019,51.00
Chad,"Central Africa",ipv1,"Polio (inactivated)",2020,54.00
Chad,"Central Africa",ipv1,"Polio (inactivated)",2021,63.00
Chad,"Central Africa",ipv1,"Polio (inactivated)",2022,66.00
Chad,"Central Africa",ipv1,"Polio (inactivated)",2023,67.00
Chad,"Central Africa",ipv1,"Polio (inactivated)",2024,66.00
Chad,"Central Africa",ipv1,"Polio (inactivated)",2025,68.00
Chad,"Central Africa",ipvc,"Polio (inactivated)",2022,1.00
Chad,"Central Africa",ipvc,"Polio (inactivated)",2023,32.00
Chad,"Central Africa",ipvc,"Polio (inactivated)",2024,40.00
Chad,"Central Africa",ipvc,"Polio (inactivated)",2025,53.00
Chad,"Central Africa",mcv1,Measles,2015,46.00
Chad,"Central Africa",mcv1,Measles,2016,37.00
Chad,"Central Africa",mcv1,Measles,2017,37.00
Chad,"Central Africa",mcv1,Measles,2018,41.00
Chad,"Central Africa",mcv1,Measles,2019,40.00
Chad,"Central Africa",mcv1,Measles,2020,45.00
Chad,"Central Africa",mcv1,Measles,2021,53.00
Chad,"Central Africa",mcv1,Measles,2022,54.00
Chad,"Central Africa",mcv1,Measles,2023,63.00
Chad,"Central Africa",mcv1,Measles,2024,68.00
Chad,"Central Africa",mcv1,Measles,2025,68.00
Chad,"Central Africa",mcv2,Measles,2022,2.00
Chad,"Central Africa",mcv2,Measles,2023,35.00
Chad,"Central Africa",mcv2,Measles,2024,43.00
Chad,"Central Africa",mcv2,Measles,2025,52.00
Chad,"Central Africa",menga,"Meningitis A",2018,37.00
Chad,"Central Africa",menga,"Meningitis A",2019,37.00
Chad,"Central Africa",menga,"Meningitis A",2020,42.00
Chad,"Central Africa",menga,"Meningitis A",2021,49.00
Chad,"Central Africa",menga,"Meningitis A",2022,50.00
Chad,"Central Africa",menga,"Meningitis A",2023,63.00
Chad,"Central Africa",menga,"Meningitis A",2024,64.00
Chad,"Central Africa",menga,"Meningitis A",2025,65.00
Chad,"Central Africa",pcvc,"Pneumococcal disease",2025,49.00
Chad,"Central Africa",rotac,Rotavirus,2025,25.00
Chad,"Central Africa",yfv,"Yellow fever",2015,41.00
Chad,"Central Africa",yfv,"Yellow fever",2016,29.00
Chad,"Central Africa",yfv,"Yellow fever",2017,29.00
Chad,"Central Africa",yfv,"Yellow fever",2018,35.00
Chad,"Central Africa",yfv,"Yellow fever",2019,36.00
Chad,"Central Africa",yfv,"Yellow fever",2020,37.00
Chad,"Central Africa",yfv,"Yellow fever",2021,48.00
Chad,"Central Africa",yfv,"Yellow fever",2022,46.00
Chad,"Central Africa",yfv,"Yellow fever",2023,62.00
Chad,"Central Africa",yfv,"Yellow fever",2024,64.00
Chad,"Central Africa",yfv,"Yellow fever",2025,65.00
Ghana,"West Africa",bcg,Tuberculosis,2015,97.00
Ghana,"West Africa",bcg,Tuberculosis,2016,94.00
Ghana,"West Africa",bcg,Tuberculosis,2017,99.00
Ghana,"West Africa",bcg,Tuberculosis,2018,98.00
Ghana,"West Africa",bcg,Tuberculosis,2019,96.00
Ghana,"West Africa",bcg,Tuberculosis,2020,93.00
Ghana,"West Africa",bcg,Tuberculosis,2021,99.00
Ghana,"West Africa",bcg,Tuberculosis,2022,96.00
Ghana,"West Africa",bcg,Tuberculosis,2023,97.00
Ghana,"West Africa",bcg,Tuberculosis,2024,92.00
Ghana,"West Africa",bcg,Tuberculosis,2025,93.00
Ghana,"West Africa",dtp1,"Diphtheria, tetanus, pertussis",2015,97.00
Ghana,"West Africa",dtp1,"Diphtheria, tetanus, pertussis",2016,94.00
Ghana,"West Africa",dtp1,"Diphtheria, tetanus, pertussis",2017,99.00
Ghana,"West Africa",dtp1,"Diphtheria, tetanus, pertussis",2018,97.00
Ghana,"West Africa",dtp1,"Diphtheria, tetanus, pertussis",2019,97.00
Ghana,"West Africa",dtp1,"Diphtheria, tetanus, pertussis",2020,94.00
Ghana,"West Africa",dtp1,"Diphtheria, tetanus, pertussis",2021,99.00
Ghana,"West Africa",dtp1,"Diphtheria, tetanus, pertussis",2022,99.00
Ghana,"West Africa",dtp1,"Diphtheria, tetanus, pertussis",2023,99.00
Ghana,"West Africa",dtp1,"Diphtheria, tetanus, pertussis",2024,99.00
Ghana,"West Africa",dtp1,"Diphtheria, tetanus, pertussis",2025,99.00
Ghana,"West Africa",dtp3,"Diphtheria, tetanus, pertussis",2015,89.00
Ghana,"West Africa",dtp3,"Diphtheria, tetanus, pertussis",2016,93.00
Ghana,"West Africa",dtp3,"Diphtheria, tetanus, pertussis",2017,99.00
Ghana,"West Africa",dtp3,"Diphtheria, tetanus, pertussis",2018,97.00
Ghana,"West Africa",dtp3,"Diphtheria, tetanus, pertussis",2019,97.00
Ghana,"West Africa",dtp3,"Diphtheria, tetanus, pertussis",2020,94.00
Ghana,"West Africa",dtp3,"Diphtheria, tetanus, pertussis",2021,98.00
Ghana,"West Africa",dtp3,"Diphtheria, tetanus, pertussis",2022,99.00
Ghana,"West Africa",dtp3,"Diphtheria, tetanus, pertussis",2023,95.00
Ghana,"West Africa",dtp3,"Diphtheria, tetanus, pertussis",2024,95.00
Ghana,"West Africa",dtp3,"Diphtheria, tetanus, pertussis",2025,99.00
Ghana,"West Africa",hepb3,"Hepatitis B",2015,89.00
Ghana,"West Africa",hepb3,"Hepatitis B",2016,93.00
Ghana,"West Africa",hepb3,"Hepatitis B",2017,99.00
Ghana,"West Africa",hepb3,"Hepatitis B",2018,97.00
Ghana,"West Africa",hepb3,"Hepatitis B",2019,97.00
Ghana,"West Africa",hepb3,"Hepatitis B",2020,94.00
Ghana,"West Africa",hepb3,"Hepatitis B",2021,98.00
Ghana,"West Africa",hepb3,"Hepatitis B",2022,99.00
Ghana,"West Africa",hepb3,"Hepatitis B",2023,95.00
Ghana,"West Africa",hepb3,"Hepatitis B",2024,95.00
Ghana,"West Africa",hepb3,"Hepatitis B",2025,99.00
Ghana,"West Africa",hib3,"Haemophilus influenzae type b",2015,89.00
Ghana,"West Africa",hib3,"Haemophilus influenzae type b",2016,93.00
Ghana,"West Africa",hib3,"Haemophilus influenzae type b",2017,99.00
Ghana,"West Africa",hib3,"Haemophilus influenzae type b",2018,97.00
Ghana,"West Africa",hib3,"Haemophilus influenzae type b",2019,97.00
Ghana,"West Africa",hib3,"Haemophilus influenzae type b",2020,94.00
Ghana,"West Africa",hib3,"Haemophilus influenzae type b",2021,98.00
Ghana,"West Africa",hib3,"Haemophilus influenzae type b",2022,99.00
Ghana,"West Africa",hib3,"Haemophilus influenzae type b",2023,95.00
Ghana,"West Africa",hib3,"Haemophilus influenzae type b",2024,95.00
Ghana,"West Africa",hib3,"Haemophilus influenzae type b",2025,99.00
Ghana,"West Africa",ipv1,"Polio (inactivated)",2018,55.00
Ghana,"West Africa",ipv1,"Polio (inactivated)",2019,97.00
Ghana,"West Africa",ipv1,"Polio (inactivated)",2020,93.00
Ghana,"West Africa",ipv1,"Polio (inactivated)",2021,98.00
Ghana,"West Africa",ipv1,"Polio (inactivated)",2022,99.00
Ghana,"West Africa",ipv1,"Polio (inactivated)",2023,95.00
Ghana,"West Africa",ipv1,"Polio (inactivated)",2024,95.00
Ghana,"West Africa",ipv1,"Polio (inactivated)",2025,97.00
Ghana,"West Africa",ipvc,"Polio (inactivated)",2024,1.00
Ghana,"West Africa",ipvc,"Polio (inactivated)",2025,70.00
Ghana,"West Africa",mcv1,Measles,2015,89.00
Ghana,"West Africa",mcv1,Measles,2016,89.00
Ghana,"West Africa",mcv1,Measles,2017,95.00
Ghana,"West Africa",mcv1,Measles,2018,92.00
Ghana,"West Africa",mcv1,Measles,2019,92.00
Ghana,"West Africa",mcv1,Measles,2020,88.00
Ghana,"West Africa",mcv1,Measles,2021,94.00
Ghana,"West Africa",mcv1,Measles,2022,95.00
Ghana,"West Africa",mcv1,Measles,2023,88.00
Ghana,"West Africa",mcv1,Measles,2024,95.00
Ghana,"West Africa",mcv1,Measles,2025,93.00
Ghana,"West Africa",mcv2,Measles,2015,63.00
Ghana,"West Africa",mcv2,Measles,2016,75.00
Ghana,"West Africa",mcv2,Measles,2017,83.00
Ghana,"West Africa",mcv2,Measles,2018,83.00
Ghana,"West Africa",mcv2,Measles,2019,83.00
Ghana,"West Africa",mcv2,Measles,2020,79.00
Ghana,"West Africa",mcv2,Measles,2021,83.00
Ghana,"West Africa",mcv2,Measles,2022,84.00
Ghana,"West Africa",mcv2,Measles,2023,82.00
Ghana,"West Africa",mcv2,Measles,2024,92.00
Ghana,"West Africa",mcv2,Measles,2025,92.00
Ghana,"West Africa",menga,"Meningitis A",2016,13.00
Ghana,"West Africa",menga,"Meningitis A",2017,82.00
Ghana,"West Africa",menga,"Meningitis A",2018,83.00
Ghana,"West Africa",menga,"Meningitis A",2019,79.00
Ghana,"West Africa",menga,"Meningitis A",2020,71.00
Ghana,"West Africa",menga,"Meningitis A",2021,81.00
Ghana,"West Africa",menga,"Meningitis A",2022,81.00
Ghana,"West Africa",menga,"Meningitis A",2023,86.00
Ghana,"West Africa",menga,"Meningitis A",2024,85.00
Ghana,"West Africa",menga,"Meningitis A",2025,91.00
Ghana,"West Africa",pcvc,"Pneumococcal disease",2015,88.00
Ghana,"West Africa",pcvc,"Pneumococcal disease",2016,93.00
Ghana,"West Africa",pcvc,"Pneumococcal disease",2017,99.00
Ghana,"West Africa",pcvc,"Pneumococcal disease",2018,96.00
Ghana,"West Africa",pcvc,"Pneumococcal disease",2019,97.00
Ghana,"West Africa",pcvc,"Pneumococcal disease",2020,95.00
Ghana,"West Africa",pcvc,"Pneumococcal disease",2021,98.00
Ghana,"West Africa",pcvc,"Pneumococcal disease",2022,99.00
Ghana,"West Africa",pcvc,"Pneumococcal disease",2023,96.00
Ghana,"West Africa",pcvc,"Pneumococcal disease",2024,96.00
Ghana,"West Africa",pcvc,"Pneumococcal disease",2025,97.00
Ghana,"West Africa",rcv1,Rubella,2015,89.00
Ghana,"West Africa",rcv1,Rubella,2016,89.00
Ghana,"West Africa",rcv1,Rubella,2017,95.00
Ghana,"West Africa",rcv1,Rubella,2018,92.00
Ghana,"West Africa",rcv1,Rubella,2019,92.00
Ghana,"West Africa",rcv1,Rubella,2020,88.00
Ghana,"West Africa",rcv1,Rubella,2021,94.00
Ghana,"West Africa",rcv1,Rubella,2022,95.00
Ghana,"West Africa",rcv1,Rubella,2023,88.00
Ghana,"West Africa",rcv1,Rubella,2024,95.00
Ghana,"West Africa",rcv1,Rubella,2025,93.00
Ghana,"West Africa",rotac,Rotavirus,2015,88.00
Ghana,"West Africa",rotac,Rotavirus,2016,94.00
Ghana,"West Africa",rotac,Rotavirus,2017,97.00
Ghana,"West Africa",rotac,Rotavirus,2018,94.00
Ghana,"West Africa",rotac,Rotavirus,2019,93.00
Ghana,"West Africa",rotac,Rotavirus,2020,89.00
Ghana,"West Africa",rotac,Rotavirus,2021,96.00
Ghana,"West Africa",rotac,Rotavirus,2022,94.00
Ghana,"West Africa",rotac,Rotavirus,2023,64.00
Ghana,"West Africa",rotac,Rotavirus,2024,82.00
Ghana,"West Africa",rotac,Rotavirus,2025,93.00
Ghana,"West Africa",yfv,"Yellow fever",2015,88.00
Ghana,"West Africa",yfv,"Yellow fever",2016,88.00
Ghana,"West Africa",yfv,"Yellow fever",2017,86.00
Ghana,"West Africa",yfv,"Yellow fever",2018,91.00
Ghana,"West Africa",yfv,"Yellow fever",2019,92.00
Ghana,"West Africa",yfv,"Yellow fever",2020,88.00
Ghana,"West Africa",yfv,"Yellow fever",2021,94.00
Ghana,"West Africa",yfv,"Yellow fever",2022,95.00
Ghana,"West Africa",yfv,"Yellow fever",2023,88.00
Ghana,"West Africa",yfv,"Yellow fever",2024,79.00
Ghana,"West Africa",yfv,"Yellow fever",2025,91.00
Niger,"West Africa",bcg,Tuberculosis,2015,94.00
Niger,"West Africa",bcg,Tuberculosis,2016,91.00
Niger,"West Africa",bcg,Tuberculosis,2017,92.00
Niger,"West Africa",bcg,Tuberculosis,2018,87.00
Niger,"West Africa",bcg,Tuberculosis,2019,70.00
Niger,"West Africa",bcg,Tuberculosis,2020,94.00
Niger,"West Africa",bcg,Tuberculosis,2021,95.00
Niger,"West Africa",bcg,Tuberculosis,2022,95.00
Niger,"West Africa",bcg,Tuberculosis,2023,93.00
Niger,"West Africa",bcg,Tuberculosis,2024,93.00
Niger,"West Africa",bcg,Tuberculosis,2025,88.00
Niger,"West Africa",dtp1,"Diphtheria, tetanus, pertussis",2015,93.00
Niger,"West Africa",dtp1,"Diphtheria, tetanus, pertussis",2016,92.00
Niger,"West Africa",dtp1,"Diphtheria, tetanus, pertussis",2017,95.00
Niger,"West Africa",dtp1,"Diphtheria, tetanus, pertussis",2018,91.00
Niger,"West Africa",dtp1,"Diphtheria, tetanus, pertussis",2019,92.00
Niger,"West Africa",dtp1,"Diphtheria, tetanus, pertussis",2020,93.00
Niger,"West Africa",dtp1,"Diphtheria, tetanus, pertussis",2021,94.00
Niger,"West Africa",dtp1,"Diphtheria, tetanus, pertussis",2022,96.00
Niger,"West Africa",dtp1,"Diphtheria, tetanus, pertussis",2023,94.00
Niger,"West Africa",dtp1,"Diphtheria, tetanus, pertussis",2024,95.00
Niger,"West Africa",dtp1,"Diphtheria, tetanus, pertussis",2025,95.00
Niger,"West Africa",dtp3,"Diphtheria, tetanus, pertussis",2015,84.00
Niger,"West Africa",dtp3,"Diphtheria, tetanus, pertussis",2016,80.00
Niger,"West Africa",dtp3,"Diphtheria, tetanus, pertussis",2017,85.00
Niger,"West Africa",dtp3,"Diphtheria, tetanus, pertussis",2018,79.00
Niger,"West Africa",dtp3,"Diphtheria, tetanus, pertussis",2019,81.00
Niger,"West Africa",dtp3,"Diphtheria, tetanus, pertussis",2020,81.00
Niger,"West Africa",dtp3,"Diphtheria, tetanus, pertussis",2021,82.00
Niger,"West Africa",dtp3,"Diphtheria, tetanus, pertussis",2022,84.00
Niger,"West Africa",dtp3,"Diphtheria, tetanus, pertussis",2023,85.00
Niger,"West Africa",dtp3,"Diphtheria, tetanus, pertussis",2024,86.00
Niger,"West Africa",dtp3,"Diphtheria, tetanus, pertussis",2025,87.00
Niger,"West Africa",hepb3,"Hepatitis B",2015,84.00
Niger,"West Africa",hepb3,"Hepatitis B",2016,80.00
Niger,"West Africa",hepb3,"Hepatitis B",2017,85.00
Niger,"West Africa",hepb3,"Hepatitis B",2018,79.00
Niger,"West Africa",hepb3,"Hepatitis B",2019,81.00
Niger,"West Africa",hepb3,"Hepatitis B",2020,81.00
Niger,"West Africa",hepb3,"Hepatitis B",2021,82.00
Niger,"West Africa",hepb3,"Hepatitis B",2022,84.00
Niger,"West Africa",hepb3,"Hepatitis B",2023,85.00
Niger,"West Africa",hepb3,"Hepatitis B",2024,86.00
Niger,"West Africa",hepb3,"Hepatitis B",2025,87.00
Niger,"West Africa",hib3,"Haemophilus influenzae type b",2015,84.00
Niger,"West Africa",hib3,"Haemophilus influenzae type b",2016,80.00
Niger,"West Africa",hib3,"Haemophilus influenzae type b",2017,85.00
Niger,"West Africa",hib3,"Haemophilus influenzae type b",2018,79.00
Niger,"West Africa",hib3,"Haemophilus influenzae type b",2019,81.00
Niger,"West Africa",hib3,"Haemophilus influenzae type b",2020,81.00
Niger,"West Africa",hib3,"Haemophilus influenzae type b",2021,82.00
Niger,"West Africa",hib3,"Haemophilus influenzae type b",2022,84.00
Niger,"West Africa",hib3,"Haemophilus influenzae type b",2023,85.00
Niger,"West Africa",hib3,"Haemophilus influenzae type b",2024,86.00
Niger,"West Africa",hib3,"Haemophilus influenzae type b",2025,87.00
Niger,"West Africa",ipv1,"Polio (inactivated)",2015,27.00
Niger,"West Africa",ipv1,"Polio (inactivated)",2016,74.00
Niger,"West Africa",ipv1,"Polio (inactivated)",2017,85.00
Niger,"West Africa",ipv1,"Polio (inactivated)",2018,79.00
Niger,"West Africa",ipv1,"Polio (inactivated)",2019,81.00
Niger,"West Africa",ipv1,"Polio (inactivated)",2020,81.00
Niger,"West Africa",ipv1,"Polio (inactivated)",2021,82.00
Niger,"West Africa",ipv1,"Polio (inactivated)",2022,84.00
Niger,"West Africa",ipv1,"Polio (inactivated)",2023,85.00
Niger,"West Africa",ipv1,"Polio (inactivated)",2024,86.00
Niger,"West Africa",ipv1,"Polio (inactivated)",2025,87.00
Niger,"West Africa",ipvc,"Polio (inactivated)",2022,73.00
Niger,"West Africa",ipvc,"Polio (inactivated)",2023,82.00
Niger,"West Africa",ipvc,"Polio (inactivated)",2024,83.00
Niger,"West Africa",ipvc,"Polio (inactivated)",2025,83.00
Niger,"West Africa",mcv1,Measles,2015,85.00
Niger,"West Africa",mcv1,Measles,2016,76.00
Niger,"West Africa",mcv1,Measles,2017,82.00
Niger,"West Africa",mcv1,Measles,2018,77.00
Niger,"West Africa",mcv1,Measles,2019,79.00
Niger,"West Africa",mcv1,Measles,2020,79.00
Niger,"West Africa",mcv1,Measles,2021,80.00
Niger,"West Africa",mcv1,Measles,2022,65.00
Niger,"West Africa",mcv1,Measles,2023,80.00
Niger,"West Africa",mcv1,Measles,2024,81.00
Niger,"West Africa",mcv1,Measles,2025,82.00
Niger,"West Africa",mcv2,Measles,2015,16.00
Niger,"West Africa",mcv2,Measles,2016,31.00
Niger,"West Africa",mcv2,Measles,2017,46.00
Niger,"West Africa",mcv2,Measles,2018,48.00
Niger,"West Africa",mcv2,Measles,2019,58.00
Niger,"West Africa",mcv2,Measles,2020,60.00
Niger,"West Africa",mcv2,Measles,2021,66.00
Niger,"West Africa",mcv2,Measles,2022,42.00
Niger,"West Africa",mcv2,Measles,2023,68.00
Niger,"West Africa",mcv2,Measles,2024,77.00
Niger,"West Africa",mcv2,Measles,2025,80.00
Niger,"West Africa",menga,"Meningitis A",2017,14.00
Niger,"West Africa",menga,"Meningitis A",2018,80.00
Niger,"West Africa",menga,"Meningitis A",2019,81.00
Niger,"West Africa",menga,"Meningitis A",2020,81.00
Niger,"West Africa",menga,"Meningitis A",2021,84.00
Niger,"West Africa",menga,"Meningitis A",2022,82.00
Niger,"West Africa",menga,"Meningitis A",2023,80.00
Niger,"West Africa",menga,"Meningitis A",2024,81.00
Niger,"West Africa",menga,"Meningitis A",2025,82.00
Niger,"West Africa",pcvc,"Pneumococcal disease",2015,49.00
Niger,"West Africa",pcvc,"Pneumococcal disease",2016,76.00
Niger,"West Africa",pcvc,"Pneumococcal disease",2017,85.00
Niger,"West Africa",pcvc,"Pneumococcal disease",2018,79.00
Niger,"West Africa",pcvc,"Pneumococcal disease",2019,81.00
Niger,"West Africa",pcvc,"Pneumococcal disease",2020,81.00
Niger,"West Africa",pcvc,"Pneumococcal disease",2021,82.00
Niger,"West Africa",pcvc,"Pneumococcal disease",2022,84.00
Niger,"West Africa",pcvc,"Pneumococcal disease",2023,85.00
Niger,"West Africa",pcvc,"Pneumococcal disease",2024,86.00
Niger,"West Africa",pcvc,"Pneumococcal disease",2025,87.00
Niger,"West Africa",rotac,Rotavirus,2015,47.00
Niger,"West Africa",rotac,Rotavirus,2016,80.00
Niger,"West Africa",rotac,Rotavirus,2017,85.00
Niger,"West Africa",rotac,Rotavirus,2018,79.00
Niger,"West Africa",rotac,Rotavirus,2019,81.00
Niger,"West Africa",rotac,Rotavirus,2020,83.00
Niger,"West Africa",rotac,Rotavirus,2021,85.00
Niger,"West Africa",rotac,Rotavirus,2022,86.00
Niger,"West Africa",rotac,Rotavirus,2023,88.00
Niger,"West Africa",rotac,Rotavirus,2024,90.00
Niger,"West Africa",rotac,Rotavirus,2025,91.00
Niger,"West Africa",yfv,"Yellow fever",2015,84.00
Niger,"West Africa",yfv,"Yellow fever",2016,76.00
Niger,"West Africa",yfv,"Yellow fever",2017,82.00
Niger,"West Africa",yfv,"Yellow fever",2018,78.00
Niger,"West Africa",yfv,"Yellow fever",2019,83.00
Niger,"West Africa",yfv,"Yellow fever",2020,67.00
Niger,"West Africa",yfv,"Yellow fever",2021,80.00
Niger,"West Africa",yfv,"Yellow fever",2022,80.00
Niger,"West Africa",yfv,"Yellow fever",2023,80.00
Niger,"West Africa",yfv,"Yellow fever",2024,81.00
Niger,"West Africa",yfv,"Yellow fever",2025,82.00
Nigeria,"West Africa",bcg,Tuberculosis,2015,53.00
Nigeria,"West Africa",bcg,Tuberculosis,2016,64.00
Nigeria,"West Africa",bcg,Tuberculosis,2017,67.00
Nigeria,"West Africa",bcg,Tuberculosis,2018,71.00
Nigeria,"West Africa",bcg,Tuberculosis,2019,75.00
Nigeria,"West Africa",bcg,Tuberculosis,2020,74.00
Nigeria,"West Africa",bcg,Tuberculosis,2021,60.00
Nigeria,"West Africa",bcg,Tuberculosis,2022,67.00
Nigeria,"West Africa",bcg,Tuberculosis,2023,71.00
Nigeria,"West Africa",bcg,Tuberculosis,2024,69.00
Nigeria,"West Africa",bcg,Tuberculosis,2025,68.00
Nigeria,"West Africa",dtp1,"Diphtheria, tetanus, pertussis",2015,49.00
Nigeria,"West Africa",dtp1,"Diphtheria, tetanus, pertussis",2016,62.00
Nigeria,"West Africa",dtp1,"Diphtheria, tetanus, pertussis",2017,65.00
Nigeria,"West Africa",dtp1,"Diphtheria, tetanus, pertussis",2018,69.00
Nigeria,"West Africa",dtp1,"Diphtheria, tetanus, pertussis",2019,72.00
Nigeria,"West Africa",dtp1,"Diphtheria, tetanus, pertussis",2020,70.00
Nigeria,"West Africa",dtp1,"Diphtheria, tetanus, pertussis",2021,57.00
Nigeria,"West Africa",dtp1,"Diphtheria, tetanus, pertussis",2022,63.00
Nigeria,"West Africa",dtp1,"Diphtheria, tetanus, pertussis",2023,71.00
Nigeria,"West Africa",dtp1,"Diphtheria, tetanus, pertussis",2024,71.00
Nigeria,"West Africa",dtp1,"Diphtheria, tetanus, pertussis",2025,70.00
Nigeria,"West Africa",dtp3,"Diphtheria, tetanus, pertussis",2015,42.00
Nigeria,"West Africa",dtp3,"Diphtheria, tetanus, pertussis",2016,53.00
Nigeria,"West Africa",dtp3,"Diphtheria, tetanus, pertussis",2017,55.00
Nigeria,"West Africa",dtp3,"Diphtheria, tetanus, pertussis",2018,61.00
Nigeria,"West Africa",dtp3,"Diphtheria, tetanus, pertussis",2019,66.00
Nigeria,"West Africa",dtp3,"Diphtheria, tetanus, pertussis",2020,62.00
Nigeria,"West Africa",dtp3,"Diphtheria, tetanus, pertussis",2021,50.00
Nigeria,"West Africa",dtp3,"Diphtheria, tetanus, pertussis",2022,55.00
Nigeria,"West Africa",dtp3,"Diphtheria, tetanus, pertussis",2023,63.00
Nigeria,"West Africa",dtp3,"Diphtheria, tetanus, pertussis",2024,63.00
Nigeria,"West Africa",dtp3,"Diphtheria, tetanus, pertussis",2025,62.00
Nigeria,"West Africa",hepb3,"Hepatitis B",2015,42.00
Nigeria,"West Africa",hepb3,"Hepatitis B",2016,53.00
Nigeria,"West Africa",hepb3,"Hepatitis B",2017,55.00
Nigeria,"West Africa",hepb3,"Hepatitis B",2018,61.00
Nigeria,"West Africa",hepb3,"Hepatitis B",2019,66.00
Nigeria,"West Africa",hepb3,"Hepatitis B",2020,62.00
Nigeria,"West Africa",hepb3,"Hepatitis B",2021,50.00
Nigeria,"West Africa",hepb3,"Hepatitis B",2022,55.00
Nigeria,"West Africa",hepb3,"Hepatitis B",2023,63.00
Nigeria,"West Africa",hepb3,"Hepatitis B",2024,63.00
Nigeria,"West Africa",hepb3,"Hepatitis B",2025,62.00
Nigeria,"West Africa",hepbb,"Hepatitis B (birth dose)",2015,13.00
Nigeria,"West Africa",hepbb,"Hepatitis B (birth dose)",2016,15.00
Nigeria,"West Africa",hepbb,"Hepatitis B (birth dose)",2017,16.00
Nigeria,"West Africa",hepbb,"Hepatitis B (birth dose)",2018,18.00
Nigeria,"West Africa",hepbb,"Hepatitis B (birth dose)",2019,19.00
Nigeria,"West Africa",hepbb,"Hepatitis B (birth dose)",2020,17.00
Nigeria,"West Africa",hepbb,"Hepatitis B (birth dose)",2021,21.00
Nigeria,"West Africa",hepbb,"Hepatitis B (birth dose)",2022,17.00
Nigeria,"West Africa",hepbb,"Hepatitis B (birth dose)",2023,17.00
Nigeria,"West Africa",hepbb,"Hepatitis B (birth dose)",2024,17.00
Nigeria,"West Africa",hepbb,"Hepatitis B (birth dose)",2025,17.00
Nigeria,"West Africa",hib3,"Haemophilus influenzae type b",2015,42.00
Nigeria,"West Africa",hib3,"Haemophilus influenzae type b",2016,53.00
Nigeria,"West Africa",hib3,"Haemophilus influenzae type b",2017,55.00
Nigeria,"West Africa",hib3,"Haemophilus influenzae type b",2018,61.00
Nigeria,"West Africa",hib3,"Haemophilus influenzae type b",2019,66.00
Nigeria,"West Africa",hib3,"Haemophilus influenzae type b",2020,62.00
Nigeria,"West Africa",hib3,"Haemophilus influenzae type b",2021,50.00
Nigeria,"West Africa",hib3,"Haemophilus influenzae type b",2022,55.00
Nigeria,"West Africa",hib3,"Haemophilus influenzae type b",2023,63.00
Nigeria,"West Africa",hib3,"Haemophilus influenzae type b",2024,63.00
Nigeria,"West Africa",hib3,"Haemophilus influenzae type b",2025,62.00
Nigeria,"West Africa",ipv1,"Polio (inactivated)",2015,42.00
Nigeria,"West Africa",ipv1,"Polio (inactivated)",2016,52.00
Nigeria,"West Africa",ipv1,"Polio (inactivated)",2017,53.00
Nigeria,"West Africa",ipv1,"Polio (inactivated)",2018,59.00
Nigeria,"West Africa",ipv1,"Polio (inactivated)",2019,66.00
Nigeria,"West Africa",ipv1,"Polio (inactivated)",2020,62.00
Nigeria,"West Africa",ipv1,"Polio (inactivated)",2021,51.00
Nigeria,"West Africa",ipv1,"Polio (inactivated)",2022,55.00
Nigeria,"West Africa",ipv1,"Polio (inactivated)",2023,70.00
Nigeria,"West Africa",ipv1,"Polio (inactivated)",2024,67.00
Nigeria,"West Africa",ipv1,"Polio (inactivated)",2025,69.00
Nigeria,"West Africa",ipvc,"Polio (inactivated)",2021,17.00
Nigeria,"West Africa",ipvc,"Polio (inactivated)",2022,33.00
Nigeria,"West Africa",ipvc,"Polio (inactivated)",2023,48.00
Nigeria,"West Africa",ipvc,"Polio (inactivated)",2024,54.00
Nigeria,"West Africa",ipvc,"Polio (inactivated)",2025,57.00
Nigeria,"West Africa",mcv1,Measles,2015,42.00
Nigeria,"West Africa",mcv1,Measles,2016,48.00
Nigeria,"West Africa",mcv1,Measles,2017,54.00
Nigeria,"West Africa",mcv1,Measles,2018,56.00
Nigeria,"West Africa",mcv1,Measles,2019,58.00
Nigeria,"West Africa",mcv1,Measles,2020,60.00
Nigeria,"West Africa",mcv1,Measles,2021,48.00
Nigeria,"West Africa",mcv1,Measles,2022,51.00
Nigeria,"West Africa",mcv1,Measles,2023,54.00
Nigeria,"West Africa",mcv1,Measles,2024,57.00
Nigeria,"West Africa",mcv1,Measles,2025,56.00
Nigeria,"West Africa",mcv2,Measles,2019,9.00
Nigeria,"West Africa",mcv2,Measles,2020,16.00
Nigeria,"West Africa",mcv2,Measles,2021,23.00
Nigeria,"West Africa",mcv2,Measles,2022,30.00
Nigeria,"West Africa",mcv2,Measles,2023,33.00
Nigeria,"West Africa",mcv2,Measles,2024,35.00
Nigeria,"West Africa",mcv2,Measles,2025,35.00
Nigeria,"West Africa",menga,"Meningitis A",2019,22.00
Nigeria,"West Africa",menga,"Meningitis A",2020,55.00
Nigeria,"West Africa",menga,"Meningitis A",2021,45.00
Nigeria,"West Africa",menga,"Meningitis A",2022,48.00
Nigeria,"West Africa",menga,"Meningitis A",2023,49.00
Nigeria,"West Africa",menga,"Meningitis A",2024,56.00
Nigeria,"West Africa",menga,"Meningitis A",2025,53.00
Nigeria,"West Africa",pcvc,"Pneumococcal disease",2015,36.00
Nigeria,"West Africa",pcvc,"Pneumococcal disease",2016,49.00
Nigeria,"West Africa",pcvc,"Pneumococcal disease",2017,53.00
Nigeria,"West Africa",pcvc,"Pneumococcal disease",2018,59.00
Nigeria,"West Africa",pcvc,"Pneumococcal disease",2019,64.00
Nigeria,"West Africa",pcvc,"Pneumococcal disease",2020,60.00
Nigeria,"West Africa",pcvc,"Pneumococcal disease",2021,48.00
Nigeria,"West Africa",pcvc,"Pneumococcal disease",2022,56.00
Nigeria,"West Africa",pcvc,"Pneumococcal disease",2023,62.00
Nigeria,"West Africa",pcvc,"Pneumococcal disease",2024,63.00
Nigeria,"West Africa",pcvc,"Pneumococcal disease",2025,62.00
Nigeria,"West Africa",rcv1,Rubella,2025,9.00
Nigeria,"West Africa",rotac,Rotavirus,2022,18.00
Nigeria,"West Africa",rotac,Rotavirus,2023,49.00
Nigeria,"West Africa",rotac,Rotavirus,2024,54.00
Nigeria,"West Africa",rotac,Rotavirus,2025,47.00
Nigeria,"West Africa",yfv,"Yellow fever",2015,42.00
Nigeria,"West Africa",yfv,"Yellow fever",2016,47.00
Nigeria,"West Africa",yfv,"Yellow fever",2017,54.00
Nigeria,"West Africa",yfv,"Yellow fever",2018,56.00
Nigeria,"West Africa",yfv,"Yellow fever",2019,57.00
Nigeria,"West Africa",yfv,"Yellow fever",2020,59.00
Nigeria,"West Africa",yfv,"Yellow fever",2021,46.00
Nigeria,"West Africa",yfv,"Yellow fever",2022,49.00
Nigeria,"West Africa",yfv,"Yellow fever",2023,53.00
Nigeria,"West Africa",yfv,"Yellow fever",2024,56.00
Nigeria,"West Africa",yfv,"Yellow fever",2025,54.00
