iso3c,country,vaccine,year,target_grp,coverage
BEN,Benin,bcg,2015,births,96
BEN,Benin,bcg,2016,births,88
BEN,Benin,bcg,2017,births,88
BEN,Benin,bcg,2018,births,87
BEN,Benin,bcg,2019,births,87
BEN,Benin,bcg,2020,births,86
BEN,Benin,bcg,2021,births,93
BEN,Benin,bcg,2022,births,92
BEN,Benin,bcg,2023,births,99
BEN,Benin,bcg,2024,births,99
BEN,Benin,bcg,2025,births,99
BEN,Benin,dtp1,2015,si,82
BEN,Benin,dtp1,2016,si,84
BEN,Benin,dtp1,2017,si,83
BEN,Benin,dtp1,2018,si,82
BEN,Benin,dtp1,2019,si,81
BEN,Benin,dtp1,2020,si,80
BEN,Benin,dtp1,2021,si,80
BEN,Benin,dtp1,2022,si,79
BEN,Benin,dtp1,2023,si,79
BEN,Benin,dtp1,2024,si,81
BEN,Benin,dtp1,2025,si,82
BEN,Benin,dtp3,2015,si,74
BEN,Benin,dtp3,2016,si,78
BEN,Benin,dtp3,2017,si,76
BEN,Benin,dtp3,2018,si,74
BEN,Benin,dtp3,2019,si,72
BEN,Benin,dtp3,2020,si,70
BEN,Benin,dtp3,2021,si,70
BEN,Benin,dtp3,2022,si,69
BEN,Benin,dtp3,2023,si,69
BEN,Benin,dtp3,2024,si,69
BEN,Benin,dtp3,2025,si,69
BEN,Benin,hepb3,2015,si,74
BEN,Benin,hepb3,2016,si,78
BEN,Benin,hepb3,2017,si,76
BEN,Benin,hepb3,2018,si,74
BEN,Benin,hepb3,2019,si,72
BEN,Benin,hepb3,2020,si,70
BEN,Benin,hepb3,2021,si,70
BEN,Benin,hepb3,2022,si,69
BEN,Benin,hepb3,2023,si,69
BEN,Benin,hepb3,2024,si,69
BEN,Benin,hepb3,2025,si,69
BEN,Benin,hepbb,2020,births,17
BEN,Benin,hepbb,2021,births,77
BEN,Benin,hepbb,2022,births,81
BEN,Benin,hepbb,2023,births,89
BEN,Benin,hepbb,2024,births,89
BEN,Benin,hepbb,2025,births,89
BEN,Benin,hib3,2015,si,74
BEN,Benin,hib3,2016,si,78
BEN,Benin,hib3,2017,si,76
BEN,Benin,hib3,2018,si,74
BEN,Benin,hib3,2019,si,72
BEN,Benin,hib3,2020,si,70
BEN,Benin,hib3,2021,si,70
BEN,Benin,hib3,2022,si,69
BEN,Benin,hib3,2023,si,69
BEN,Benin,hib3,2024,si,69
BEN,Benin,hib3,2025,si,69
BEN,Benin,ipv1,2015,si,24
BEN,Benin,ipv1,2016,si,57
BEN,Benin,ipv1,2017,si,51
BEN,Benin,ipv1,2018,si,62
BEN,Benin,ipv1,2019,si,74
BEN,Benin,ipv1,2020,si,70
BEN,Benin,ipv1,2021,si,70
BEN,Benin,ipv1,2022,si,69
BEN,Benin,ipv1,2023,si,69
BEN,Benin,ipv1,2024,si,69
BEN,Benin,ipv1,2025,si,69
BEN,Benin,mcv1,2015,si,67
BEN,Benin,mcv1,2016,si,68
BEN,Benin,mcv1,2017,si,65
BEN,Benin,mcv1,2018,si,61
BEN,Benin,mcv1,2019,si,58
BEN,Benin,mcv1,2020,si,54
BEN,Benin,mcv1,2021,si,53
BEN,Benin,mcv1,2022,si,52
BEN,Benin,mcv1,2023,si,52
BEN,Benin,mcv1,2024,si,51
BEN,Benin,mcv1,2025,si,49
BEN,Benin,mcv2,2025,y02,23
BEN,Benin,menga,2022,si,52
BEN,Benin,menga,2023,si,52
BEN,Benin,menga,2024,si,51
BEN,Benin,menga,2025,si,49
BEN,Benin,pcvc,2015,si,72
BEN,Benin,pcvc,2016,si,73
BEN,Benin,pcvc,2017,si,72
BEN,Benin,pcvc,2018,si,72
BEN,Benin,pcvc,2019,si,71
BEN,Benin,pcvc,2020,si,70
BEN,Benin,pcvc,2021,si,70
BEN,Benin,pcvc,2022,si,69
BEN,Benin,pcvc,2023,si,70
BEN,Benin,pcvc,2024,si,67
BEN,Benin,pcvc,2025,si,64
BEN,Benin,rcv1,2019,si,58
BEN,Benin,rcv1,2020,si,54
BEN,Benin,rcv1,2021,si,53
BEN,Benin,rcv1,2022,si,52
BEN,Benin,rcv1,2023,si,52
BEN,Benin,rcv1,2024,si,51
BEN,Benin,rcv1,2025,si,49
BEN,Benin,rotac,2020,si,63
BEN,Benin,rotac,2021,si,69
BEN,Benin,rotac,2022,si,69
BEN,Benin,rotac,2023,si,70
BEN,Benin,rotac,2024,si,67
BEN,Benin,rotac,2025,si,64
BEN,Benin,yfv,2015,si,63
BEN,Benin,yfv,2016,si,64
BEN,Benin,yfv,2017,si,61
BEN,Benin,yfv,2018,si,59
BEN,Benin,yfv,2019,si,56
BEN,Benin,yfv,2020,si,53
BEN,Benin,yfv,2021,si,53
BEN,Benin,yfv,2022,si,52
BEN,Benin,yfv,2023,si,52
BEN,Benin,yfv,2024,si,51
BEN,Benin,yfv,2025,si,49
CMR,Cameroon,bcg,2015,births,81
CMR,Cameroon,bcg,2016,births,80
CMR,Cameroon,bcg,2017,births,85
CMR,Cameroon,bcg,2018,births,82
CMR,Cameroon,bcg,2019,births,78
CMR,Cameroon,bcg,2020,births,79
CMR,Cameroon,bcg,2021,births,80
CMR,Cameroon,bcg,2022,births,69
CMR,Cameroon,bcg,2023,births,93
CMR,Cameroon,bcg,2024,births,93
CMR,Cameroon,bcg,2025,births,93
CMR,Cameroon,dtp1,2015,si,81
CMR,Cameroon,dtp1,2016,si,84
CMR,Cameroon,dtp1,2017,si,80
CMR,Cameroon,dtp1,2018,si,74
CMR,Cameroon,dtp1,2019,si,72
CMR,Cameroon,dtp1,2020,si,74
CMR,Cameroon,dtp1,2021,si,76
CMR,Cameroon,dtp1,2022,si,76
CMR,Cameroon,dtp1,2023,si,81
CMR,Cameroon,dtp1,2024,si,82
CMR,Cameroon,dtp1,2025,si,86
CMR,Cameroon,dtp3,2015,si,76
CMR,Cameroon,dtp3,2016,si,78
CMR,Cameroon,dtp3,2017,si,74
CMR,Cameroon,dtp3,2018,si,68
CMR,Cameroon,dtp3,2019,si,67
CMR,Cameroon,dtp3,2020,si,68
CMR,Cameroon,dtp3,2021,si,71
CMR,Cameroon,dtp3,2022,si,71
CMR,Cameroon,dtp3,2023,si,75
CMR,Cameroon,dtp3,2024,si,77
CMR,Cameroon,dtp3,2025,si,83
CMR,Cameroon,hepb3,2015,si,76
CMR,Cameroon,hepb3,2016,si,78
CMR,Cameroon,hepb3,2017,si,74
CMR,Cameroon,hepb3,2018,si,68
CMR,Cameroon,hepb3,2019,si,67
CMR,Cameroon,hepb3,2020,si,68
CMR,Cameroon,hepb3,2021,si,71
CMR,Cameroon,hepb3,2022,si,71
CMR,Cameroon,hepb3,2023,si,75
CMR,Cameroon,hepb3,2024,si,77
CMR,Cameroon,hepb3,2025,si,83
CMR,Cameroon,hib3,2015,si,76
CMR,Cameroon,hib3,2016,si,78
CMR,Cameroon,hib3,2017,si,74
CMR,Cameroon,hib3,2018,si,68
CMR,Cameroon,hib3,2019,si,67
CMR,Cameroon,hib3,2020,si,68
CMR,Cameroon,hib3,2021,si,71
CMR,Cameroon,hib3,2022,si,71
CMR,Cameroon,hib3,2023,si,75
CMR,Cameroon,hib3,2024,si,77
CMR,Cameroon,hib3,2025,si,83
CMR,Cameroon,ipv1,2015,si,26
CMR,Cameroon,ipv1,2016,si,70
CMR,Cameroon,ipv1,2017,si,67
CMR,Cameroon,ipv1,2018,si,67
CMR,Cameroon,ipv1,2019,si,66
CMR,Cameroon,ipv1,2020,si,69
CMR,Cameroon,ipv1,2021,si,70
CMR,Cameroon,ipv1,2022,si,70
CMR,Cameroon,ipv1,2023,si,71
CMR,Cameroon,ipv1,2024,si,75
CMR,Cameroon,ipv1,2025,si,81
CMR,Cameroon,ipvc,2023,si,55
CMR,Cameroon,ipvc,2024,si,65
CMR,Cameroon,ipvc,2025,si,71
CMR,Cameroon,mcv1,2015,si,71
CMR,Cameroon,mcv1,2016,si,72
CMR,Cameroon,mcv1,2017,si,67
CMR,Cameroon,mcv1,2018,si,61
CMR,Cameroon,mcv1,2019,si,61
CMR,Cameroon,mcv1,2020,si,63
CMR,Cameroon,mcv1,2021,si,65
CMR,Cameroon,mcv1,2022,si,68
CMR,Cameroon,mcv1,2023,si,71
CMR,Cameroon,mcv1,2024,si,71
CMR,Cameroon,mcv1,2025,si,75
CMR,Cameroon,mcv2,2020,y02,22
CMR,Cameroon,mcv2,2021,y02,28
CMR,Cameroon,mcv2,2022,y02,36
CMR,Cameroon,mcv2,2023,y02,45
CMR,Cameroon,mcv2,2024,y02,49
CMR,Cameroon,mcv2,2025,y02,66
CMR,Cameroon,pcvc,2015,si,77
CMR,Cameroon,pcvc,2016,si,78
CMR,Cameroon,pcvc,2017,si,73
CMR,Cameroon,pcvc,2018,si,68
CMR,Cameroon,pcvc,2019,si,67
CMR,Cameroon,pcvc,2020,si,69
CMR,Cameroon,pcvc,2021,si,70
CMR,Cameroon,pcvc,2022,si,70
CMR,Cameroon,pcvc,2023,si,75
CMR,Cameroon,pcvc,2024,si,76
CMR,Cameroon,pcvc,2025,si,82
CMR,Cameroon,rcv1,2017,si,67
CMR,Cameroon,rcv1,2018,si,61
CMR,Cameroon,rcv1,2019,si,61
CMR,Cameroon,rcv1,2020,si,63
CMR,Cameroon,rcv1,2021,si,65
CMR,Cameroon,rcv1,2022,si,68
CMR,Cameroon,rcv1,2023,si,71
CMR,Cameroon,rcv1,2024,si,71
CMR,Cameroon,rcv1,2025,si,75
CMR,Cameroon,rotac,2015,si,67
CMR,Cameroon,rotac,2016,si,75
CMR,Cameroon,rotac,2017,si,72
CMR,Cameroon,rotac,2018,si,68
CMR,Cameroon,rotac,2019,si,67
CMR,Cameroon,rotac,2020,si,68
CMR,Cameroon,rotac,2021,si,69
CMR,Cameroon,rotac,2022,si,66
CMR,Cameroon,rotac,2023,si,72
CMR,Cameroon,rotac,2024,si,73
CMR,Cameroon,rotac,2025,si,80
CMR,Cameroon,yfv,2015,si,69
CMR,Cameroon,yfv,2016,si,72
CMR,Cameroon,yfv,2017,si,68
CMR,Cameroon,yfv,2018,si,64
CMR,Cameroon,yfv,2019,si,62
CMR,Cameroon,yfv,2020,si,62
CMR,Cameroon,yfv,2021,si,61
CMR,Cameroon,yfv,2022,si,64
CMR,Cameroon,yfv,2023,si,67
CMR,Cameroon,yfv,2024,si,71
CMR,Cameroon,yfv,2025,si,75
GHA,Ghana,bcg,2015,births,97
GHA,Ghana,bcg,2016,births,94
GHA,Ghana,bcg,2017,births,99
GHA,Ghana,bcg,2018,births,98
GHA,Ghana,bcg,2019,births,96
GHA,Ghana,bcg,2020,births,93
GHA,Ghana,bcg,2021,births,99
GHA,Ghana,bcg,2022,births,96
GHA,Ghana,bcg,2023,births,97
GHA,Ghana,bcg,2024,births,92
GHA,Ghana,bcg,2025,births,93
GHA,Ghana,dtp1,2015,si,97
GHA,Ghana,dtp1,2016,si,94
GHA,Ghana,dtp1,2017,si,99
GHA,Ghana,dtp1,2018,si,97
GHA,Ghana,dtp1,2019,si,97
GHA,Ghana,dtp1,2020,si,94
GHA,Ghana,dtp1,2021,si,99
GHA,Ghana,dtp1,2022,si,99
GHA,Ghana,dtp1,2023,si,99
GHA,Ghana,dtp1,2024,si,99
GHA,Ghana,dtp1,2025,si,99
GHA,Ghana,dtp3,2015,si,89
GHA,Ghana,dtp3,2016,si,93
GHA,Ghana,dtp3,2017,si,99
GHA,Ghana,dtp3,2018,si,97
GHA,Ghana,dtp3,2019,si,97
GHA,Ghana,dtp3,2020,si,94
GHA,Ghana,dtp3,2021,si,98
GHA,Ghana,dtp3,2022,si,99
GHA,Ghana,dtp3,2023,si,95
GHA,Ghana,dtp3,2024,si,95
GHA,Ghana,dtp3,2025,si,99
GHA,Ghana,hepb3,2015,si,89
GHA,Ghana,hepb3,2016,si,93
GHA,Ghana,hepb3,2017,si,99
GHA,Ghana,hepb3,2018,si,97
GHA,Ghana,hepb3,2019,si,97
GHA,Ghana,hepb3,2020,si,94
GHA,Ghana,hepb3,2021,si,98
GHA,Ghana,hepb3,2022,si,99
GHA,Ghana,hepb3,2023,si,95
GHA,Ghana,hepb3,2024,si,95
GHA,Ghana,hepb3,2025,si,99
GHA,Ghana,hib3,2015,si,89
GHA,Ghana,hib3,2016,si,93
GHA,Ghana,hib3,2017,si,99
GHA,Ghana,hib3,2018,si,97
GHA,Ghana,hib3,2019,si,97
GHA,Ghana,hib3,2020,si,94
GHA,Ghana,hib3,2021,si,98
GHA,Ghana,hib3,2022,si,99
GHA,Ghana,hib3,2023,si,95
GHA,Ghana,hib3,2024,si,95
GHA,Ghana,hib3,2025,si,99
GHA,Ghana,ipv1,2018,si,55
GHA,Ghana,ipv1,2019,si,97
GHA,Ghana,ipv1,2020,si,93
GHA,Ghana,ipv1,2021,si,98
GHA,Ghana,ipv1,2022,si,99
GHA,Ghana,ipv1,2023,si,95
GHA,Ghana,ipv1,2024,si,95
GHA,Ghana,ipv1,2025,si,97
GHA,Ghana,ipvc,2024,si,1
GHA,Ghana,ipvc,2025,si,70
GHA,Ghana,mcv1,2015,si,89
GHA,Ghana,mcv1,2016,si,89
GHA,Ghana,mcv1,2017,si,95
GHA,Ghana,mcv1,2018,si,92
GHA,Ghana,mcv1,2019,si,92
GHA,Ghana,mcv1,2020,si,88
GHA,Ghana,mcv1,2021,si,94
GHA,Ghana,mcv1,2022,si,95
GHA,Ghana,mcv1,2023,si,88
GHA,Ghana,mcv1,2024,si,95
GHA,Ghana,mcv1,2025,si,93
GHA,Ghana,mcv2,2015,y02,63
GHA,Ghana,mcv2,2016,y02,75
GHA,Ghana,mcv2,2017,y02,83
GHA,Ghana,mcv2,2018,y02,83
GHA,Ghana,mcv2,2019,y02,83
GHA,Ghana,mcv2,2020,y02,79
GHA,Ghana,mcv2,2021,y02,83
GHA,Ghana,mcv2,2022,y02,84
GHA,Ghana,mcv2,2023,y02,82
GHA,Ghana,mcv2,2024,y02,92
GHA,Ghana,mcv2,2025,y02,92
GHA,Ghana,menga,2016,y02,13
GHA,Ghana,menga,2017,y02,82
GHA,Ghana,menga,2018,y02,83
GHA,Ghana,menga,2019,y02,79
GHA,Ghana,menga,2020,y02,71
GHA,Ghana,menga,2021,y02,81
GHA,Ghana,menga,2022,y02,81
GHA,Ghana,menga,2023,y02,86
GHA,Ghana,menga,2024,y02,85
GHA,Ghana,menga,2025,y02,91
GHA,Ghana,pcvc,2015,si,88
GHA,Ghana,pcvc,2016,si,93
GHA,Ghana,pcvc,2017,si,99
GHA,Ghana,pcvc,2018,si,96
GHA,Ghana,pcvc,2019,si,97
GHA,Ghana,pcvc,2020,si,95
GHA,Ghana,pcvc,2021,si,98
GHA,Ghana,pcvc,2022,si,99
GHA,Ghana,pcvc,2023,si,96
GHA,Ghana,pcvc,2024,si,96
GHA,Ghana,pcvc,2025,si,97
GHA,Ghana,rcv1,2015,si,89
GHA,Ghana,rcv1,2016,si,89
GHA,Ghana,rcv1,2017,si,95
GHA,Ghana,rcv1,2018,si,92
GHA,Ghana,rcv1,2019,si,92
GHA,Ghana,rcv1,2020,si,88
GHA,Ghana,rcv1,2021,si,94
GHA,Ghana,rcv1,2022,si,95
GHA,Ghana,rcv1,2023,si,88
GHA,Ghana,rcv1,2024,si,95
GHA,Ghana,rcv1,2025,si,93
GHA,Ghana,rotac,2015,si,88
GHA,Ghana,rotac,2016,si,94
GHA,Ghana,rotac,2017,si,97
GHA,Ghana,rotac,2018,si,94
GHA,Ghana,rotac,2019,si,93
GHA,Ghana,rotac,2020,si,89
GHA,Ghana,rotac,2021,si,96
GHA,Ghana,rotac,2022,si,94
GHA,Ghana,rotac,2023,si,64
GHA,Ghana,rotac,2024,si,82
GHA,Ghana,rotac,2025,si,93
GHA,Ghana,yfv,2015,si,88
GHA,Ghana,yfv,2016,si,88
GHA,Ghana,yfv,2017,si,86
GHA,Ghana,yfv,2018,si,91
GHA,Ghana,yfv,2019,si,92
GHA,Ghana,yfv,2020,si,88
GHA,Ghana,yfv,2021,si,94
GHA,Ghana,yfv,2022,si,95
GHA,Ghana,yfv,2023,si,88
GHA,Ghana,yfv,2024,si,79
GHA,Ghana,yfv,2025,si,91
NER,Niger,bcg,2015,births,94
NER,Niger,bcg,2016,births,91
NER,Niger,bcg,2017,births,92
NER,Niger,bcg,2018,births,87
NER,Niger,bcg,2019,births,70
NER,Niger,bcg,2020,births,94
NER,Niger,bcg,2021,births,95
NER,Niger,bcg,2022,births,95
NER,Niger,bcg,2023,births,93
NER,Niger,bcg,2024,births,93
NER,Niger,bcg,2025,births,88
NER,Niger,dtp1,2015,si,93
NER,Niger,dtp1,2016,si,92
NER,Niger,dtp1,2017,si,95
NER,Niger,dtp1,2018,si,91
NER,Niger,dtp1,2019,si,92
NER,Niger,dtp1,2020,si,93
NER,Niger,dtp1,2021,si,94
NER,Niger,dtp1,2022,si,96
NER,Niger,dtp1,2023,si,94
NER,Niger,dtp1,2024,si,95
NER,Niger,dtp1,2025,si,95
NER,Niger,dtp3,2015,si,84
NER,Niger,dtp3,2016,si,80
NER,Niger,dtp3,2017,si,85
NER,Niger,dtp3,2018,si,79
NER,Niger,dtp3,2019,si,81
NER,Niger,dtp3,2020,si,81
NER,Niger,dtp3,2021,si,82
NER,Niger,dtp3,2022,si,84
NER,Niger,dtp3,2023,si,85
NER,Niger,dtp3,2024,si,86
NER,Niger,dtp3,2025,si,87
NER,Niger,hepb3,2015,si,84
NER,Niger,hepb3,2016,si,80
NER,Niger,hepb3,2017,si,85
NER,Niger,hepb3,2018,si,79
NER,Niger,hepb3,2019,si,81
NER,Niger,hepb3,2020,si,81
NER,Niger,hepb3,2021,si,82
NER,Niger,hepb3,2022,si,84
NER,Niger,hepb3,2023,si,85
NER,Niger,hepb3,2024,si,86
NER,Niger,hepb3,2025,si,87
NER,Niger,hib3,2015,si,84
NER,Niger,hib3,2016,si,80
NER,Niger,hib3,2017,si,85
NER,Niger,hib3,2018,si,79
NER,Niger,hib3,2019,si,81
NER,Niger,hib3,2020,si,81
NER,Niger,hib3,2021,si,82
NER,Niger,hib3,2022,si,84
NER,Niger,hib3,2023,si,85
NER,Niger,hib3,2024,si,86
NER,Niger,hib3,2025,si,87
NER,Niger,ipv1,2015,si,27
NER,Niger,ipv1,2016,si,74
NER,Niger,ipv1,2017,si,85
NER,Niger,ipv1,2018,si,79
NER,Niger,ipv1,2019,si,81
NER,Niger,ipv1,2020,si,81
NER,Niger,ipv1,2021,si,82
NER,Niger,ipv1,2022,si,84
NER,Niger,ipv1,2023,si,85
NER,Niger,ipv1,2024,si,86
NER,Niger,ipv1,2025,si,87
NER,Niger,ipvc,2022,si,73
NER,Niger,ipvc,2023,si,82
NER,Niger,ipvc,2024,si,83
NER,Niger,ipvc,2025,si,83
NER,Niger,mcv1,2015,si,85
NER,Niger,mcv1,2016,si,76
NER,Niger,mcv1,2017,si,82
NER,Niger,mcv1,2018,si,77
NER,Niger,mcv1,2019,si,79
NER,Niger,mcv1,2020,si,79
NER,Niger,mcv1,2021,si,80
NER,Niger,mcv1,2022,si,65
NER,Niger,mcv1,2023,si,80
NER,Niger,mcv1,2024,si,81
NER,Niger,mcv1,2025,si,82
NER,Niger,mcv2,2015,y02,16
NER,Niger,mcv2,2016,y02,31
NER,Niger,mcv2,2017,y02,46
NER,Niger,mcv2,2018,y02,48
NER,Niger,mcv2,2019,y02,58
NER,Niger,mcv2,2020,y02,60
NER,Niger,mcv2,2021,y02,66
NER,Niger,mcv2,2022,y02,42
NER,Niger,mcv2,2023,y02,68
NER,Niger,mcv2,2024,y02,77
NER,Niger,mcv2,2025,y02,80
NER,Niger,menga,2017,si,14
NER,Niger,menga,2018,si,80
NER,Niger,menga,2019,si,81
NER,Niger,menga,2020,si,81
NER,Niger,menga,2021,si,84
NER,Niger,menga,2022,si,82
NER,Niger,menga,2023,si,80
NER,Niger,menga,2024,si,81
NER,Niger,menga,2025,si,82
NER,Niger,pcvc,2015,si,49
NER,Niger,pcvc,2016,si,76
NER,Niger,pcvc,2017,si,85
NER,Niger,pcvc,2018,si,79
NER,Niger,pcvc,2019,si,81
NER,Niger,pcvc,2020,si,81
NER,Niger,pcvc,2021,si,82
NER,Niger,pcvc,2022,si,84
NER,Niger,pcvc,2023,si,85
NER,Niger,pcvc,2024,si,86
NER,Niger,pcvc,2025,si,87
NER,Niger,rotac,2015,si,47
NER,Niger,rotac,2016,si,80
NER,Niger,rotac,2017,si,85
NER,Niger,rotac,2018,si,79
NER,Niger,rotac,2019,si,81
NER,Niger,rotac,2020,si,83
NER,Niger,rotac,2021,si,85
NER,Niger,rotac,2022,si,86
NER,Niger,rotac,2023,si,88
NER,Niger,rotac,2024,si,90
NER,Niger,rotac,2025,si,91
NER,Niger,yfv,2015,si,84
NER,Niger,yfv,2016,si,76
NER,Niger,yfv,2017,si,82
NER,Niger,yfv,2018,si,78
NER,Niger,yfv,2019,si,83
NER,Niger,yfv,2020,si,67
NER,Niger,yfv,2021,si,80
NER,Niger,yfv,2022,si,80
NER,Niger,yfv,2023,si,80
NER,Niger,yfv,2024,si,81
NER,Niger,yfv,2025,si,82
NGA,Nigeria,bcg,2015,births,53
NGA,Nigeria,bcg,2016,births,64
NGA,Nigeria,bcg,2017,births,67
NGA,Nigeria,bcg,2018,births,71
NGA,Nigeria,bcg,2019,births,75
NGA,Nigeria,bcg,2020,births,74
NGA,Nigeria,bcg,2021,births,60
NGA,Nigeria,bcg,2022,births,67
NGA,Nigeria,bcg,2023,births,71
NGA,Nigeria,bcg,2024,births,69
NGA,Nigeria,bcg,2025,births,68
NGA,Nigeria,dtp1,2015,si,49
NGA,Nigeria,dtp1,2016,si,62
NGA,Nigeria,dtp1,2017,si,65
NGA,Nigeria,dtp1,2018,si,69
NGA,Nigeria,dtp1,2019,si,72
NGA,Nigeria,dtp1,2020,si,70
NGA,Nigeria,dtp1,2021,si,57
NGA,Nigeria,dtp1,2022,si,63
NGA,Nigeria,dtp1,2023,si,71
NGA,Nigeria,dtp1,2024,si,71
NGA,Nigeria,dtp1,2025,si,70
NGA,Nigeria,dtp3,2015,si,42
NGA,Nigeria,dtp3,2016,si,53
NGA,Nigeria,dtp3,2017,si,55
NGA,Nigeria,dtp3,2018,si,61
NGA,Nigeria,dtp3,2019,si,66
NGA,Nigeria,dtp3,2020,si,62
NGA,Nigeria,dtp3,2021,si,50
NGA,Nigeria,dtp3,2022,si,55
NGA,Nigeria,dtp3,2023,si,63
NGA,Nigeria,dtp3,2024,si,63
NGA,Nigeria,dtp3,2025,si,62
NGA,Nigeria,hepb3,2015,si,42
NGA,Nigeria,hepb3,2016,si,53
NGA,Nigeria,hepb3,2017,si,55
NGA,Nigeria,hepb3,2018,si,61
NGA,Nigeria,hepb3,2019,si,66
NGA,Nigeria,hepb3,2020,si,62
NGA,Nigeria,hepb3,2021,si,50
NGA,Nigeria,hepb3,2022,si,55
NGA,Nigeria,hepb3,2023,si,63
NGA,Nigeria,hepb3,2024,si,63
NGA,Nigeria,hepb3,2025,si,62
NGA,Nigeria,hepbb,2015,births,13
NGA,Nigeria,hepbb,2016,births,15
NGA,Nigeria,hepbb,2017,births,16
NGA,Nigeria,hepbb,2018,births,18
NGA,Nigeria,hepbb,2019,births,19
NGA,Nigeria,hepbb,2020,births,17
NGA,Nigeria,hepbb,2021,births,21
NGA,Nigeria,hepbb,2022,births,17
NGA,Nigeria,hepbb,2023,births,17
NGA,Nigeria,hepbb,2024,births,17
NGA,Nigeria,hepbb,2025,births,17
NGA,Nigeria,hib3,2015,si,42
NGA,Nigeria,hib3,2016,si,53
NGA,Nigeria,hib3,2017,si,55
NGA,Nigeria,hib3,2018,si,61
NGA,Nigeria,hib3,2019,si,66
NGA,Nigeria,hib3,2020,si,62
NGA,Nigeria,hib3,2021,si,50
NGA,Nigeria,hib3,2022,si,55
NGA,Nigeria,hib3,2023,si,63
NGA,Nigeria,hib3,2024,si,63
NGA,Nigeria,hib3,2025,si,62
NGA,Nigeria,ipv1,2015,si,42
NGA,Nigeria,ipv1,2016,si,52
NGA,Nigeria,ipv1,2017,si,53
NGA,Nigeria,ipv1,2018,si,59
NGA,Nigeria,ipv1,2019,si,66
NGA,Nigeria,ipv1,2020,si,62
NGA,Nigeria,ipv1,2021,si,51
NGA,Nigeria,ipv1,2022,si,55
NGA,Nigeria,ipv1,2023,si,70
NGA,Nigeria,ipv1,2024,si,67
NGA,Nigeria,ipv1,2025,si,69
NGA,Nigeria,ipvc,2021,si,17
NGA,Nigeria,ipvc,2022,si,33
NGA,Nigeria,ipvc,2023,si,48
NGA,Nigeria,ipvc,2024,si,54
NGA,Nigeria,ipvc,2025,si,57
NGA,Nigeria,mcv1,2015,si,42
NGA,Nigeria,mcv1,2016,si,48
NGA,Nigeria,mcv1,2017,si,54
NGA,Nigeria,mcv1,2018,si,56
NGA,Nigeria,mcv1,2019,si,58
NGA,Nigeria,mcv1,2020,si,60
NGA,Nigeria,mcv1,2021,si,48
NGA,Nigeria,mcv1,2022,si,51
NGA,Nigeria,mcv1,2023,si,54
NGA,Nigeria,mcv1,2024,si,57
NGA,Nigeria,mcv1,2025,si,56
NGA,Nigeria,mcv2,2019,y02,9
NGA,Nigeria,mcv2,2020,y02,16
NGA,Nigeria,mcv2,2021,y02,23
NGA,Nigeria,mcv2,2022,y02,30
NGA,Nigeria,mcv2,2023,y02,33
NGA,Nigeria,mcv2,2024,y02,35
NGA,Nigeria,mcv2,2025,y02,35
NGA,Nigeria,menga,2019,si,22
NGA,Nigeria,menga,2020,si,55
NGA,Nigeria,menga,2021,si,45
NGA,Nigeria,menga,2022,si,48
NGA,Nigeria,menga,2023,si,49
NGA,Nigeria,menga,2024,si,56
NGA,Nigeria,menga,2025,si,53
NGA,Nigeria,pcvc,2015,si,36
NGA,Nigeria,pcvc,2016,si,49
NGA,Nigeria,pcvc,2017,si,53
NGA,Nigeria,pcvc,2018,si,59
NGA,Nigeria,pcvc,2019,si,64
NGA,Nigeria,pcvc,2020,si,60
NGA,Nigeria,pcvc,2021,si,48
NGA,Nigeria,pcvc,2022,si,56
NGA,Nigeria,pcvc,2023,si,62
NGA,Nigeria,pcvc,2024,si,63
NGA,Nigeria,pcvc,2025,si,62
NGA,Nigeria,rcv1,2025,si,9
NGA,Nigeria,rotac,2022,si,18
NGA,Nigeria,rotac,2023,si,49
NGA,Nigeria,rotac,2024,si,54
NGA,Nigeria,rotac,2025,si,47
NGA,Nigeria,yfv,2015,si,42
NGA,Nigeria,yfv,2016,si,47
NGA,Nigeria,yfv,2017,si,54
NGA,Nigeria,yfv,2018,si,56
NGA,Nigeria,yfv,2019,si,57
NGA,Nigeria,yfv,2020,si,59
NGA,Nigeria,yfv,2021,si,46
NGA,Nigeria,yfv,2022,si,49
NGA,Nigeria,yfv,2023,si,53
NGA,Nigeria,yfv,2024,si,56
NGA,Nigeria,yfv,2025,si,54
TCD,Chad,bcg,2015,births,70
TCD,Chad,bcg,2016,births,59
TCD,Chad,bcg,2017,births,59
TCD,Chad,bcg,2018,births,51
TCD,Chad,bcg,2019,births,75
TCD,Chad,bcg,2020,births,85
TCD,Chad,bcg,2021,births,92
TCD,Chad,bcg,2022,births,92
TCD,Chad,bcg,2023,births,92
TCD,Chad,bcg,2024,births,88
TCD,Chad,bcg,2025,births,90
TCD,Chad,dtp1,2015,si,59
TCD,Chad,dtp1,2016,si,55
TCD,Chad,dtp1,2017,si,55
TCD,Chad,dtp1,2018,si,63
TCD,Chad,dtp1,2019,si,69
TCD,Chad,dtp1,2020,si,74
TCD,Chad,dtp1,2021,si,79
TCD,Chad,dtp1,2022,si,82
TCD,Chad,dtp1,2023,si,84
TCD,Chad,dtp1,2024,si,83
TCD,Chad,dtp1,2025,si,86
TCD,Chad,dtp3,2015,si,42
TCD,Chad,dtp3,2016,si,41
TCD,Chad,dtp3,2017,si,41
TCD,Chad,dtp3,2018,si,47
TCD,Chad,dtp3,2019,si,53
TCD,Chad,dtp3,2020,si,55
TCD,Chad,dtp3,2021,si,62
TCD,Chad,dtp3,2022,si,66
TCD,Chad,dtp3,2023,si,67
TCD,Chad,dtp3,2024,si,68
TCD,Chad,dtp3,2025,si,71
TCD,Chad,hepb3,2015,si,42
TCD,Chad,hepb3,2016,si,41
TCD,Chad,hepb3,2017,si,41
TCD,Chad,hepb3,2018,si,47
TCD,Chad,hepb3,2019,si,53
TCD,Chad,hepb3,2020,si,55
TCD,Chad,hepb3,2021,si,62
TCD,Chad,hepb3,2022,si,66
TCD,Chad,hepb3,2023,si,67
TCD,Chad,hepb3,2024,si,68
TCD,Chad,hepb3,2025,si,71
TCD,Chad,hib3,2015,si,42
TCD,Chad,hib3,2016,si,41
TCD,Chad,hib3,2017,si,41
TCD,Chad,hib3,2018,si,47
TCD,Chad,hib3,2019,si,53
TCD,Chad,hib3,2020,si,55
TCD,Chad,hib3,2021,si,62
TCD,Chad,hib3,2022,si,66
TCD,Chad,hib3,2023,si,67
TCD,Chad,hib3,2024,si,68
TCD,Chad,hib3,2025,si,71
TCD,Chad,ipv1,2015,si,28
TCD,Chad,ipv1,2016,si,41
TCD,Chad,ipv1,2017,si,41
TCD,Chad,ipv1,2018,si,49
TCD,Chad,ipv1,2019,si,51
TCD,Chad,ipv1,2020,si,54
TCD,Chad,ipv1,2021,si,63
TCD,Chad,ipv1,2022,si,66
TCD,Chad,ipv1,2023,si,67
TCD,Chad,ipv1,2024,si,66
TCD,Chad,ipv1,2025,si,68
TCD,Chad,ipvc,2022,si,1
TCD,Chad,ipvc,2023,si,32
TCD,Chad,ipvc,2024,si,40
TCD,Chad,ipvc,2025,si,53
TCD,Chad,mcv1,2015,si,46
TCD,Chad,mcv1,2016,si,37
TCD,Chad,mcv1,2017,si,37
TCD,Chad,mcv1,2018,si,41
TCD,Chad,mcv1,2019,si,40
TCD,Chad,mcv1,2020,si,45
TCD,Chad,mcv1,2021,si,53
TCD,Chad,mcv1,2022,si,54
TCD,Chad,mcv1,2023,si,63
TCD,Chad,mcv1,2024,si,68
TCD,Chad,mcv1,2025,si,68
TCD,Chad,mcv2,2022,y02,2
TCD,Chad,mcv2,2023,y02,35
TCD,Chad,mcv2,2024,y02,43
TCD,Chad,mcv2,2025,y02,52
TCD,Chad,menga,2018,si,37
TCD,Chad,menga,2019,si,37
TCD,Chad,menga,2020,si,42
TCD,Chad,menga,2021,si,49
TCD,Chad,menga,2022,si,50
TCD,Chad,menga,2023,si,63
TCD,Chad,menga,2024,si,64
TCD,Chad,menga,2025,si,65
TCD,Chad,pcvc,2025,si,49
TCD,Chad,rotac,2025,si,25
TCD,Chad,yfv,2015,si,41
TCD,Chad,yfv,2016,si,29
TCD,Chad,yfv,2017,si,29
TCD,Chad,yfv,2018,si,35
TCD,Chad,yfv,2019,si,36
TCD,Chad,yfv,2020,si,37
TCD,Chad,yfv,2021,si,48
TCD,Chad,yfv,2022,si,46
TCD,Chad,yfv,2023,si,62
TCD,Chad,yfv,2024,si,64
TCD,Chad,yfv,2025,si,65
